{
  "pytorch_gpu": {
    "mean_ms": 2.513785999999527,
    "median_ms": 2.4011499999687658,
    "p95_ms": 3.273530000069513,
    "std_ms": 0.33637190375160225
  },
  "pytorch_cpu": {
    "mean_ms": 14.560896999928445,
    "median_ms": 14.781350000248494,
    "p95_ms": 16.33818000013889,
    "std_ms": 1.426868015126021
  },
  "onnx_fp32_cpu": {
    "mean_ms": 6.632159999999203,
    "median_ms": 6.851999999980762,
    "p95_ms": 8.126794999952835,
    "std_ms": 1.1630059443700813
  },
  "onnx_int8_cpu": {
    "mean_ms": 8.12065000000075,
    "median_ms": 8.004350000192062,
    "p95_ms": 9.62396500021896,
    "std_ms": 1.0376655115057722
  },
  "model_sizes": {
    "fp32_mb": 43.26080894470215,
    "int8_mb": 10.885563850402832,
    "compression_ratio": 3.9741449813002783
  },
  "parameters": {
    "total": 11341248,
    "total_millions": 11.341248
  }
}