{
  "pytorch_gpu": {
    "mean_ms": 3.367373999863048,
    "median_ms": 3.316150000500784,
    "p95_ms": 4.3198099991968775,
    "std_ms": 0.5485052013772771
  },
  "pytorch_cpu": {
    "mean_ms": 17.109384999912436,
    "median_ms": 16.631299999971816,
    "p95_ms": 20.98819499988167,
    "std_ms": 1.8094781160249611
  },
  "onnx_fp32_cpu": {
    "mean_ms": 7.634345999995276,
    "median_ms": 7.476499999938824,
    "p95_ms": 8.459639999546198,
    "std_ms": 0.9565181147233536
  },
  "onnx_int8_cpu": {
    "mean_ms": 9.723477999923489,
    "median_ms": 9.585849998984486,
    "p95_ms": 11.778060000324329,
    "std_ms": 1.1787910505341481
  },
  "model_sizes": {
    "fp32_mb": 43.26080894470215,
    "int8_mb": 10.885589599609375,
    "compression_ratio": 3.9741355806996936
  },
  "parameters": {
    "total": 11341248,
    "total_millions": 11.341248
  }
}