{
  "recall": {
    "1": 0.6452127659574468,
    "2": 0.7388297872340426,
    "4": 0.801595744680851,
    "8": 0.8409574468085106
  },
  "mAP": 0.4897406194696419,
  "NMI": 0.6972086428908146,
  "n_samples": 1880,
  "n_classes": 47
}