{
  "recall": {
    "1": 0.5622340425531915,
    "2": 0.676595744680851,
    "4": 0.7606382978723404,
    "8": 0.8175531914893617
  },
  "mAP": 0.406599316874952,
  "NMI": 0.6487210400650673,
  "n_samples": 1880,
  "n_classes": 47
}